,Competência,Ano,Mes,Código,Categoria,Descrição,Existente,SUS,%Ocupação,Geocodigo,População,País,Estado,Município,Mesoregião,Regional de Saúde
0,2016-01-20,2016,1,33,Clinico,CLINICA GERAL,8,8,1.0,220010,5165,Brasil,PI,Agricolândia,Centro-Norte Piauiense,Entre Rios
1,2016-01-20,2016,1,45,Pediatrico,PEDIATRIA CLINICA,7,7,1.0,220010,5165,Brasil,PI,Agricolândia,Centro-Norte Piauiense,Entre Rios
2,2016-02-20,2016,2,33,Clinico,CLINICA GERAL,8,8,1.0,220010,5165,Brasil,PI,Agricolândia,Centro-Norte Piauiense,Entre Rios
3,2016-02-20,2016,2,45,Pediatrico,PEDIATRIA CLINICA,7,7,1.0,220010,5165,Brasil,PI,Agricolândia,Centro-Norte Piauiense,Entre Rios
4,2016-03-20,2016,3,33,Clinico,CLINICA GERAL,8,8,1.0,220010,5165,Brasil,PI,Agricolândia,Centro-Norte Piauiense,Entre Rios
5,2016-03-20,2016,3,45,Pediatrico,PEDIATRIA CLINICA,7,7,1.0,220010,5165,Brasil,PI,Agricolândia,Centro-Norte Piauiense,Entre Rios
6,2016-04-20,2016,4,33,Clinico,CLINICA GERAL,8,8,1.0,220010,5165,Brasil,PI,Agricolândia,Centro-Norte Piauiense,Entre Rios
7,2016-04-20,2016,4,45,Pediatrico,PEDIATRIA CLINICA,7,7,1.0,220010,5165,Brasil,PI,Agricolândia,Centro-Norte Piauiense,Entre Rios
8,2016-05-20,2016,5,33,Clinico,CLINICA GERAL,8,8,1.0,220010,5165,Brasil,PI,Agricolândia,Centro-Norte Piauiense,Entre Rios
9,2016-05-20,2016,5,45,Pediatrico,PEDIATRIA CLINICA,7,7,1.0,220010,5165,Brasil,PI,Agricolândia,Centro-Norte Piauiense,Entre Rios
10,2016-06-20,2016,6,33,Clinico,CLINICA GERAL,8,8,1.0,220010,5165,Brasil,PI,Agricolândia,Centro-Norte Piauiense,Entre Rios
11,2016-06-20,2016,6,45,Pediatrico,PEDIATRIA CLINICA,7,7,1.0,220010,5165,Brasil,PI,Agricolândia,Centro-Norte Piauiense,Entre Rios
12,2016-07-20,2016,7,33,Clinico,CLINICA GERAL,8,8,1.0,220010,5165,Brasil,PI,Agricolândia,Centro-Norte Piauiense,Entre Rios
13,2016-07-20,2016,7,45,Pediatrico,PEDIATRIA CLINICA,7,7,1.0,220010,5165,Brasil,PI,Agricolândia,Centro-Norte Piauiense,Entre Rios
14,2016-08-20,2016,8,33,Clinico,CLINICA GERAL,8,8,1.0,220010,5165,Brasil,PI,Agricolândia,Centro-Norte Piauiense,Entre Rios
15,2016-08-20,2016,8,45,Pediatrico,PEDIATRIA CLINICA,7,7,1.0,220010,5165,Brasil,PI,Agricolândia,Centro-Norte Piauiense,Entre Rios
16,2016-09-20,2016,9,33,Clinico,CLINICA GERAL,8,8,1.0,220010,5165,Brasil,PI,Agricolândia,Centro-Norte Piauiense,Entre Rios
17,2016-09-20,2016,9,45,Pediatrico,PEDIATRIA CLINICA,7,7,1.0,220010,5165,Brasil,PI,Agricolândia,Centro-Norte Piauiense,Entre Rios
18,2016-10-20,2016,10,33,Clinico,CLINICA GERAL,8,8,1.0,220010,5165,Brasil,PI,Agricolândia,Centro-Norte Piauiense,Entre Rios
19,2016-10-20,2016,10,45,Pediatrico,PEDIATRIA CLINICA,7,7,1.0,220010,5165,Brasil,PI,Agricolândia,Centro-Norte Piauiense,Entre Rios
20,2016-11-20,2016,11,33,Clinico,CLINICA GERAL,8,8,1.0,220010,5165,Brasil,PI,Agricolândia,Centro-Norte Piauiense,Entre Rios
21,2016-11-20,2016,11,45,Pediatrico,PEDIATRIA CLINICA,7,7,1.0,220010,5165,Brasil,PI,Agricolândia,Centro-Norte Piauiense,Entre Rios
22,2016-12-20,2016,12,33,Clinico,CLINICA GERAL,8,8,1.0,220010,5165,Brasil,PI,Agricolândia,Centro-Norte Piauiense,Entre Rios
23,2016-12-20,2016,12,45,Pediatrico,PEDIATRIA CLINICA,7,7,1.0,220010,5165,Brasil,PI,Agricolândia,Centro-Norte Piauiense,Entre Rios
24,2017-01-20,2017,1,33,Clinico,CLINICA GERAL,8,8,1.0,220010,5157,Brasil,PI,Agricolândia,Centro-Norte Piauiense,Entre Rios
25,2017-01-20,2017,1,45,Pediatrico,PEDIATRIA CLINICA,7,7,1.0,220010,5157,Brasil,PI,Agricolândia,Centro-Norte Piauiense,Entre Rios
26,2017-02-20,2017,2,33,Clinico,CLINICA GERAL,8,8,1.0,220010,5157,Brasil,PI,Agricolândia,Centro-Norte Piauiense,Entre Rios
27,2017-02-20,2017,2,45,Pediatrico,PEDIATRIA CLINICA,7,7,1.0,220010,5157,Brasil,PI,Agricolândia,Centro-Norte Piauiense,Entre Rios
28,2017-03-20,2017,3,33,Clinico,CLINICA GERAL,8,8,1.0,220010,5157,Brasil,PI,Agricolândia,Centro-Norte Piauiense,Entre Rios
29,2017-03-20,2017,3,45,Pediatrico,PEDIATRIA CLINICA,7,7,1.0,220010,5157,Brasil,PI,Agricolândia,Centro-Norte Piauiense,Entre Rios
30,2017-04-20,2017,4,33,Clinico,CLINICA GERAL,8,8,1.0,220010,5157,Brasil,PI,Agricolândia,Centro-Norte Piauiense,Entre Rios
31,2017-04-20,2017,4,45,Pediatrico,PEDIATRIA CLINICA,7,7,1.0,220010,5157,Brasil,PI,Agricolândia,Centro-Norte Piauiense,Entre Rios
32,2017-05-20,2017,5,33,Clinico,CLINICA GERAL,8,8,1.0,220010,5157,Brasil,PI,Agricolândia,Centro-Norte Piauiense,Entre Rios
33,2017-05-20,2017,5,45,Pediatrico,PEDIATRIA CLINICA,7,7,1.0,220010,5157,Brasil,PI,Agricolândia,Centro-Norte Piauiense,Entre Rios
34,2017-06-20,2017,6,33,Clinico,CLINICA GERAL,8,8,1.0,220010,5157,Brasil,PI,Agricolândia,Centro-Norte Piauiense,Entre Rios
35,2017-06-20,2017,6,45,Pediatrico,PEDIATRIA CLINICA,7,7,1.0,220010,5157,Brasil,PI,Agricolândia,Centro-Norte Piauiense,Entre Rios
36,2017-07-20,2017,7,33,Clinico,CLINICA GERAL,8,8,1.0,220010,5157,Brasil,PI,Agricolândia,Centro-Norte Piauiense,Entre Rios
37,2017-07-20,2017,7,45,Pediatrico,PEDIATRIA CLINICA,7,7,1.0,220010,5157,Brasil,PI,Agricolândia,Centro-Norte Piauiense,Entre Rios
38,2017-08-20,2017,8,33,Clinico,CLINICA GERAL,8,8,1.0,220010,5157,Brasil,PI,Agricolândia,Centro-Norte Piauiense,Entre Rios
39,2017-08-20,2017,8,45,Pediatrico,PEDIATRIA CLINICA,7,7,1.0,220010,5157,Brasil,PI,Agricolândia,Centro-Norte Piauiense,Entre Rios
40,2017-09-20,2017,9,33,Clinico,CLINICA GERAL,8,8,1.0,220010,5157,Brasil,PI,Agricolândia,Centro-Norte Piauiense,Entre Rios
41,2017-09-20,2017,9,45,Pediatrico,PEDIATRIA CLINICA,7,7,1.0,220010,5157,Brasil,PI,Agricolândia,Centro-Norte Piauiense,Entre Rios
42,2017-10-20,2017,10,33,Clinico,CLINICA GERAL,8,8,1.0,220010,5157,Brasil,PI,Agricolândia,Centro-Norte Piauiense,Entre Rios
43,2017-10-20,2017,10,45,Pediatrico,PEDIATRIA CLINICA,7,7,1.0,220010,5157,Brasil,PI,Agricolândia,Centro-Norte Piauiense,Entre Rios
44,2017-11-20,2017,11,33,Clinico,CLINICA GERAL,8,8,1.0,220010,5157,Brasil,PI,Agricolândia,Centro-Norte Piauiense,Entre Rios
45,2017-11-20,2017,11,45,Pediatrico,PEDIATRIA CLINICA,7,7,1.0,220010,5157,Brasil,PI,Agricolândia,Centro-Norte Piauiense,Entre Rios
46,2017-12-20,2017,12,33,Clinico,CLINICA GERAL,8,8,1.0,220010,5157,Brasil,PI,Agricolândia,Centro-Norte Piauiense,Entre Rios
47,2017-12-20,2017,12,45,Pediatrico,PEDIATRIA CLINICA,7,7,1.0,220010,5157,Brasil,PI,Agricolândia,Centro-Norte Piauiense,Entre Rios
48,2018-01-20,2018,1,33,Clinico,CLINICA GERAL,8,8,1.0,220010,5148,Brasil,PI,Agricolândia,Centro-Norte Piauiense,Entre Rios
49,2018-01-20,2018,1,45,Pediatrico,PEDIATRIA CLINICA,7,7,1.0,220010,5148,Brasil,PI,Agricolândia,Centro-Norte Piauiense,Entre Rios
50,2018-02-20,2018,2,33,Clinico,CLINICA GERAL,8,8,1.0,220010,5148,Brasil,PI,Agricolândia,Centro-Norte Piauiense,Entre Rios
51,2018-02-20,2018,2,45,Pediatrico,PEDIATRIA CLINICA,7,7,1.0,220010,5148,Brasil,PI,Agricolândia,Centro-Norte Piauiense,Entre Rios
52,2018-03-20,2018,3,33,Clinico,CLINICA GERAL,8,8,1.0,220010,5148,Brasil,PI,Agricolândia,Centro-Norte Piauiense,Entre Rios
53,2018-03-20,2018,3,45,Pediatrico,PEDIATRIA CLINICA,7,7,1.0,220010,5148,Brasil,PI,Agricolândia,Centro-Norte Piauiense,Entre Rios
54,2018-04-20,2018,4,33,Clinico,CLINICA GERAL,8,8,1.0,220010,5148,Brasil,PI,Agricolândia,Centro-Norte Piauiense,Entre Rios
55,2018-04-20,2018,4,45,Pediatrico,PEDIATRIA CLINICA,7,7,1.0,220010,5148,Brasil,PI,Agricolândia,Centro-Norte Piauiense,Entre Rios
56,2018-05-20,2018,5,33,Clinico,CLINICA GERAL,8,8,1.0,220010,5148,Brasil,PI,Agricolândia,Centro-Norte Piauiense,Entre Rios
57,2018-05-20,2018,5,45,Pediatrico,PEDIATRIA CLINICA,7,7,1.0,220010,5148,Brasil,PI,Agricolândia,Centro-Norte Piauiense,Entre Rios
58,2018-06-20,2018,6,33,Clinico,CLINICA GERAL,8,8,1.0,220010,5148,Brasil,PI,Agricolândia,Centro-Norte Piauiense,Entre Rios
59,2018-06-20,2018,6,45,Pediatrico,PEDIATRIA CLINICA,7,7,1.0,220010,5148,Brasil,PI,Agricolândia,Centro-Norte Piauiense,Entre Rios
60,2018-07-20,2018,7,33,Clinico,CLINICA GERAL,8,8,1.0,220010,5148,Brasil,PI,Agricolândia,Centro-Norte Piauiense,Entre Rios
61,2018-07-20,2018,7,45,Pediatrico,PEDIATRIA CLINICA,7,7,1.0,220010,5148,Brasil,PI,Agricolândia,Centro-Norte Piauiense,Entre Rios
62,2018-08-20,2018,8,33,Clinico,CLINICA GERAL,8,8,1.0,220010,5148,Brasil,PI,Agricolândia,Centro-Norte Piauiense,Entre Rios
63,2018-08-20,2018,8,45,Pediatrico,PEDIATRIA CLINICA,7,7,1.0,220010,5148,Brasil,PI,Agricolândia,Centro-Norte Piauiense,Entre Rios
64,2018-09-20,2018,9,33,Clinico,CLINICA GERAL,8,8,1.0,220010,5148,Brasil,PI,Agricolândia,Centro-Norte Piauiense,Entre Rios
65,2018-09-20,2018,9,45,Pediatrico,PEDIATRIA CLINICA,7,7,1.0,220010,5148,Brasil,PI,Agricolândia,Centro-Norte Piauiense,Entre Rios
66,2018-10-20,2018,10,33,Clinico,CLINICA GERAL,8,8,1.0,220010,5148,Brasil,PI,Agricolândia,Centro-Norte Piauiense,Entre Rios
67,2018-10-20,2018,10,45,Pediatrico,PEDIATRIA CLINICA,7,7,1.0,220010,5148,Brasil,PI,Agricolândia,Centro-Norte Piauiense,Entre Rios
68,2018-11-20,2018,11,33,Clinico,CLINICA GERAL,8,8,1.0,220010,5148,Brasil,PI,Agricolândia,Centro-Norte Piauiense,Entre Rios
69,2018-11-20,2018,11,45,Pediatrico,PEDIATRIA CLINICA,7,7,1.0,220010,5148,Brasil,PI,Agricolândia,Centro-Norte Piauiense,Entre Rios
70,2018-12-20,2018,12,33,Clinico,CLINICA GERAL,8,8,1.0,220010,5148,Brasil,PI,Agricolândia,Centro-Norte Piauiense,Entre Rios
71,2018-12-20,2018,12,45,Pediatrico,PEDIATRIA CLINICA,7,7,1.0,220010,5148,Brasil,PI,Agricolândia,Centro-Norte Piauiense,Entre Rios
72,2019-01-20,2019,1,33,Clinico,CLINICA GERAL,8,8,1.0,220010,5139,Brasil,PI,Agricolândia,Centro-Norte Piauiense,Entre Rios
73,2019-01-20,2019,1,45,Pediatrico,PEDIATRIA CLINICA,7,7,1.0,220010,5139,Brasil,PI,Agricolândia,Centro-Norte Piauiense,Entre Rios
74,2019-02-20,2019,2,33,Clinico,CLINICA GERAL,8,8,1.0,220010,5139,Brasil,PI,Agricolândia,Centro-Norte Piauiense,Entre Rios
75,2019-02-20,2019,2,45,Pediatrico,PEDIATRIA CLINICA,7,7,1.0,220010,5139,Brasil,PI,Agricolândia,Centro-Norte Piauiense,Entre Rios
76,2019-03-20,2019,3,33,Clinico,CLINICA GERAL,8,8,1.0,220010,5139,Brasil,PI,Agricolândia,Centro-Norte Piauiense,Entre Rios
77,2019-03-20,2019,3,45,Pediatrico,PEDIATRIA CLINICA,7,7,1.0,220010,5139,Brasil,PI,Agricolândia,Centro-Norte Piauiense,Entre Rios
78,2019-04-20,2019,4,33,Clinico,CLINICA GERAL,8,8,1.0,220010,5139,Brasil,PI,Agricolândia,Centro-Norte Piauiense,Entre Rios
79,2019-04-20,2019,4,45,Pediatrico,PEDIATRIA CLINICA,7,7,1.0,220010,5139,Brasil,PI,Agricolândia,Centro-Norte Piauiense,Entre Rios
80,2019-05-20,2019,5,33,Clinico,CLINICA GERAL,8,8,1.0,220010,5139,Brasil,PI,Agricolândia,Centro-Norte Piauiense,Entre Rios
81,2019-05-20,2019,5,45,Pediatrico,PEDIATRIA CLINICA,7,7,1.0,220010,5139,Brasil,PI,Agricolândia,Centro-Norte Piauiense,Entre Rios
82,2019-06-20,2019,6,33,Clinico,CLINICA GERAL,8,8,1.0,220010,5139,Brasil,PI,Agricolândia,Centro-Norte Piauiense,Entre Rios
83,2019-06-20,2019,6,45,Pediatrico,PEDIATRIA CLINICA,7,7,1.0,220010,5139,Brasil,PI,Agricolândia,Centro-Norte Piauiense,Entre Rios
84,2019-07-20,2019,7,33,Clinico,CLINICA GERAL,8,8,1.0,220010,5139,Brasil,PI,Agricolândia,Centro-Norte Piauiense,Entre Rios
85,2019-07-20,2019,7,45,Pediatrico,PEDIATRIA CLINICA,7,7,1.0,220010,5139,Brasil,PI,Agricolândia,Centro-Norte Piauiense,Entre Rios
86,2019-08-20,2019,8,33,Clinico,CLINICA GERAL,8,8,1.0,220010,5139,Brasil,PI,Agricolândia,Centro-Norte Piauiense,Entre Rios
87,2019-08-20,2019,8,45,Pediatrico,PEDIATRIA CLINICA,7,7,1.0,220010,5139,Brasil,PI,Agricolândia,Centro-Norte Piauiense,Entre Rios
88,2019-09-20,2019,9,33,Clinico,CLINICA GERAL,8,8,1.0,220010,5139,Brasil,PI,Agricolândia,Centro-Norte Piauiense,Entre Rios
89,2019-09-20,2019,9,45,Pediatrico,PEDIATRIA CLINICA,7,7,1.0,220010,5139,Brasil,PI,Agricolândia,Centro-Norte Piauiense,Entre Rios
90,2019-10-20,2019,10,33,Clinico,CLINICA GERAL,8,8,1.0,220010,5139,Brasil,PI,Agricolândia,Centro-Norte Piauiense,Entre Rios
91,2019-10-20,2019,10,45,Pediatrico,PEDIATRIA CLINICA,7,7,1.0,220010,5139,Brasil,PI,Agricolândia,Centro-Norte Piauiense,Entre Rios
92,2019-11-20,2019,11,33,Clinico,CLINICA GERAL,8,8,1.0,220010,5139,Brasil,PI,Agricolândia,Centro-Norte Piauiense,Entre Rios
93,2019-11-20,2019,11,45,Pediatrico,PEDIATRIA CLINICA,7,7,1.0,220010,5139,Brasil,PI,Agricolândia,Centro-Norte Piauiense,Entre Rios
94,2019-12-20,2019,12,33,Clinico,CLINICA GERAL,8,8,1.0,220010,5139,Brasil,PI,Agricolândia,Centro-Norte Piauiense,Entre Rios
95,2019-12-20,2019,12,45,Pediatrico,PEDIATRIA CLINICA,7,7,1.0,220010,5139,Brasil,PI,Agricolândia,Centro-Norte Piauiense,Entre Rios
96,2020-01-20,2020,1,33,Clinico,CLINICA GERAL,8,8,1.0,220010,5131,Brasil,PI,Agricolândia,Centro-Norte Piauiense,Entre Rios
97,2020-01-20,2020,1,45,Pediatrico,PEDIATRIA CLINICA,7,7,1.0,220010,5131,Brasil,PI,Agricolândia,Centro-Norte Piauiense,Entre Rios
98,2020-02-20,2020,2,33,Clinico,CLINICA GERAL,8,8,1.0,220010,5131,Brasil,PI,Agricolândia,Centro-Norte Piauiense,Entre Rios
99,2020-02-20,2020,2,45,Pediatrico,PEDIATRIA CLINICA,7,7,1.0,220010,5131,Brasil,PI,Agricolândia,Centro-Norte Piauiense,Entre Rios
100,2020-03-20,2020,3,33,Clinico,CLINICA GERAL,8,8,1.0,220010,5131,Brasil,PI,Agricolândia,Centro-Norte Piauiense,Entre Rios
101,2020-03-20,2020,3,45,Pediatrico,PEDIATRIA CLINICA,7,7,1.0,220010,5131,Brasil,PI,Agricolândia,Centro-Norte Piauiense,Entre Rios
102,2020-04-20,2020,4,33,Clinico,CLINICA GERAL,8,8,1.0,220010,5131,Brasil,PI,Agricolândia,Centro-Norte Piauiense,Entre Rios
103,2020-04-20,2020,4,45,Pediatrico,PEDIATRIA CLINICA,7,7,1.0,220010,5131,Brasil,PI,Agricolândia,Centro-Norte Piauiense,Entre Rios
104,2020-05-20,2020,5,33,Clinico,CLINICA GERAL,8,8,1.0,220010,5131,Brasil,PI,Agricolândia,Centro-Norte Piauiense,Entre Rios
105,2020-05-20,2020,5,45,Pediatrico,PEDIATRIA CLINICA,7,7,1.0,220010,5131,Brasil,PI,Agricolândia,Centro-Norte Piauiense,Entre Rios
106,2020-06-20,2020,6,33,Clinico,CLINICA GERAL,8,8,1.0,220010,5131,Brasil,PI,Agricolândia,Centro-Norte Piauiense,Entre Rios
107,2020-06-20,2020,6,45,Pediatrico,PEDIATRIA CLINICA,7,7,1.0,220010,5131,Brasil,PI,Agricolândia,Centro-Norte Piauiense,Entre Rios
108,2020-07-20,2020,7,33,Clinico,CLINICA GERAL,8,8,1.0,220010,5131,Brasil,PI,Agricolândia,Centro-Norte Piauiense,Entre Rios
109,2020-07-20,2020,7,45,Pediatrico,PEDIATRIA CLINICA,7,7,1.0,220010,5131,Brasil,PI,Agricolândia,Centro-Norte Piauiense,Entre Rios
110,2020-08-20,2020,8,33,Clinico,CLINICA GERAL,8,8,1.0,220010,5131,Brasil,PI,Agricolândia,Centro-Norte Piauiense,Entre Rios
111,2020-08-20,2020,8,45,Pediatrico,PEDIATRIA CLINICA,7,7,1.0,220010,5131,Brasil,PI,Agricolândia,Centro-Norte Piauiense,Entre Rios
112,2020-09-20,2020,9,33,Clinico,CLINICA GERAL,8,8,1.0,220010,5131,Brasil,PI,Agricolândia,Centro-Norte Piauiense,Entre Rios
113,2020-09-20,2020,9,45,Pediatrico,PEDIATRIA CLINICA,7,7,1.0,220010,5131,Brasil,PI,Agricolândia,Centro-Norte Piauiense,Entre Rios
114,2020-10-20,2020,10,33,Clinico,CLINICA GERAL,8,8,1.0,220010,5131,Brasil,PI,Agricolândia,Centro-Norte Piauiense,Entre Rios
115,2020-10-20,2020,10,45,Pediatrico,PEDIATRIA CLINICA,7,7,1.0,220010,5131,Brasil,PI,Agricolândia,Centro-Norte Piauiense,Entre Rios
116,2020-11-20,2020,11,33,Clinico,CLINICA GERAL,8,8,1.0,220010,5131,Brasil,PI,Agricolândia,Centro-Norte Piauiense,Entre Rios
117,2020-11-20,2020,11,45,Pediatrico,PEDIATRIA CLINICA,7,7,1.0,220010,5131,Brasil,PI,Agricolândia,Centro-Norte Piauiense,Entre Rios
118,2020-12-20,2020,12,33,Clinico,CLINICA GERAL,8,8,1.0,220010,5131,Brasil,PI,Agricolândia,Centro-Norte Piauiense,Entre Rios
119,2020-12-20,2020,12,45,Pediatrico,PEDIATRIA CLINICA,7,7,1.0,220010,5131,Brasil,PI,Agricolândia,Centro-Norte Piauiense,Entre Rios
120,2021-01-20,2021,1,33,Clinico,CLINICA GERAL,8,8,1.0,220010,5123,Brasil,PI,Agricolândia,Centro-Norte Piauiense,Entre Rios
121,2021-01-20,2021,1,45,Pediatrico,PEDIATRIA CLINICA,7,7,1.0,220010,5123,Brasil,PI,Agricolândia,Centro-Norte Piauiense,Entre Rios
122,2021-02-20,2021,2,33,Clinico,CLINICA GERAL,8,8,1.0,220010,5123,Brasil,PI,Agricolândia,Centro-Norte Piauiense,Entre Rios
123,2021-02-20,2021,2,45,Pediatrico,PEDIATRIA CLINICA,7,7,1.0,220010,5123,Brasil,PI,Agricolândia,Centro-Norte Piauiense,Entre Rios
124,2021-03-20,2021,3,33,Clinico,CLINICA GERAL,8,8,1.0,220010,5123,Brasil,PI,Agricolândia,Centro-Norte Piauiense,Entre Rios
125,2021-03-20,2021,3,45,Pediatrico,PEDIATRIA CLINICA,7,7,1.0,220010,5123,Brasil,PI,Agricolândia,Centro-Norte Piauiense,Entre Rios
126,2021-04-20,2021,4,33,Clinico,CLINICA GERAL,8,8,1.0,220010,5123,Brasil,PI,Agricolândia,Centro-Norte Piauiense,Entre Rios
127,2021-04-20,2021,4,45,Pediatrico,PEDIATRIA CLINICA,7,7,1.0,220010,5123,Brasil,PI,Agricolândia,Centro-Norte Piauiense,Entre Rios
128,2021-05-20,2021,5,33,Clinico,CLINICA GERAL,8,8,1.0,220010,5123,Brasil,PI,Agricolândia,Centro-Norte Piauiense,Entre Rios
129,2021-05-20,2021,5,45,Pediatrico,PEDIATRIA CLINICA,7,7,1.0,220010,5123,Brasil,PI,Agricolândia,Centro-Norte Piauiense,Entre Rios
130,2021-06-20,2021,6,33,Clinico,CLINICA GERAL,8,8,1.0,220010,5123,Brasil,PI,Agricolândia,Centro-Norte Piauiense,Entre Rios
131,2021-06-20,2021,6,45,Pediatrico,PEDIATRIA CLINICA,7,7,1.0,220010,5123,Brasil,PI,Agricolândia,Centro-Norte Piauiense,Entre Rios
132,2021-07-20,2021,7,33,Clinico,CLINICA GERAL,8,8,1.0,220010,5123,Brasil,PI,Agricolândia,Centro-Norte Piauiense,Entre Rios
133,2021-07-20,2021,7,45,Pediatrico,PEDIATRIA CLINICA,7,7,1.0,220010,5123,Brasil,PI,Agricolândia,Centro-Norte Piauiense,Entre Rios
134,2021-08-20,2021,8,33,Clinico,CLINICA GERAL,8,8,1.0,220010,5123,Brasil,PI,Agricolândia,Centro-Norte Piauiense,Entre Rios
135,2021-08-20,2021,8,45,Pediatrico,PEDIATRIA CLINICA,7,7,1.0,220010,5123,Brasil,PI,Agricolândia,Centro-Norte Piauiense,Entre Rios
136,2021-09-20,2021,9,33,Clinico,CLINICA GERAL,8,8,1.0,220010,5123,Brasil,PI,Agricolândia,Centro-Norte Piauiense,Entre Rios
137,2021-09-20,2021,9,45,Pediatrico,PEDIATRIA CLINICA,7,7,1.0,220010,5123,Brasil,PI,Agricolândia,Centro-Norte Piauiense,Entre Rios
138,2021-10-20,2021,10,33,Clinico,CLINICA GERAL,8,8,1.0,220010,5123,Brasil,PI,Agricolândia,Centro-Norte Piauiense,Entre Rios
139,2021-10-20,2021,10,45,Pediatrico,PEDIATRIA CLINICA,7,7,1.0,220010,5123,Brasil,PI,Agricolândia,Centro-Norte Piauiense,Entre Rios
140,2021-11-20,2021,11,33,Clinico,CLINICA GERAL,8,8,1.0,220010,5123,Brasil,PI,Agricolândia,Centro-Norte Piauiense,Entre Rios
141,2021-11-20,2021,11,45,Pediatrico,PEDIATRIA CLINICA,7,7,1.0,220010,5123,Brasil,PI,Agricolândia,Centro-Norte Piauiense,Entre Rios
142,2021-12-20,2021,12,33,Clinico,CLINICA GERAL,8,8,1.0,220010,5123,Brasil,PI,Agricolândia,Centro-Norte Piauiense,Entre Rios
143,2021-12-20,2021,12,45,Pediatrico,PEDIATRIA CLINICA,7,7,1.0,220010,5123,Brasil,PI,Agricolândia,Centro-Norte Piauiense,Entre Rios
144,2022-01-20,2022,1,33,Clinico,CLINICA GERAL,8,8,1.0,220010,5123,Brasil,PI,Agricolândia,Centro-Norte Piauiense,Entre Rios
145,2022-01-20,2022,1,45,Pediatrico,PEDIATRIA CLINICA,7,7,1.0,220010,5123,Brasil,PI,Agricolândia,Centro-Norte Piauiense,Entre Rios
146,2022-02-20,2022,2,33,Clinico,CLINICA GERAL,8,8,1.0,220010,5123,Brasil,PI,Agricolândia,Centro-Norte Piauiense,Entre Rios
147,2022-02-20,2022,2,45,Pediatrico,PEDIATRIA CLINICA,7,7,1.0,220010,5123,Brasil,PI,Agricolândia,Centro-Norte Piauiense,Entre Rios
148,2022-03-20,2022,3,33,Clinico,CLINICA GERAL,8,8,1.0,220010,5123,Brasil,PI,Agricolândia,Centro-Norte Piauiense,Entre Rios
149,2022-03-20,2022,3,45,Pediatrico,PEDIATRIA CLINICA,7,7,1.0,220010,5123,Brasil,PI,Agricolândia,Centro-Norte Piauiense,Entre Rios
150,2022-04-20,2022,4,33,Clinico,CLINICA GERAL,8,8,1.0,220010,5123,Brasil,PI,Agricolândia,Centro-Norte Piauiense,Entre Rios
151,2022-04-20,2022,4,45,Pediatrico,PEDIATRIA CLINICA,7,7,1.0,220010,5123,Brasil,PI,Agricolândia,Centro-Norte Piauiense,Entre Rios
152,2022-05-20,2022,5,33,Clinico,CLINICA GERAL,8,8,1.0,220010,5123,Brasil,PI,Agricolândia,Centro-Norte Piauiense,Entre Rios
153,2022-05-20,2022,5,45,Pediatrico,PEDIATRIA CLINICA,7,7,1.0,220010,5123,Brasil,PI,Agricolândia,Centro-Norte Piauiense,Entre Rios
154,2022-06-20,2022,6,33,Clinico,CLINICA GERAL,8,8,1.0,220010,5123,Brasil,PI,Agricolândia,Centro-Norte Piauiense,Entre Rios
155,2022-06-20,2022,6,45,Pediatrico,PEDIATRIA CLINICA,7,7,1.0,220010,5123,Brasil,PI,Agricolândia,Centro-Norte Piauiense,Entre Rios
156,2022-07-20,2022,7,33,Clinico,CLINICA GERAL,8,8,1.0,220010,5123,Brasil,PI,Agricolândia,Centro-Norte Piauiense,Entre Rios
157,2022-07-20,2022,7,45,Pediatrico,PEDIATRIA CLINICA,7,7,1.0,220010,5123,Brasil,PI,Agricolândia,Centro-Norte Piauiense,Entre Rios
158,2022-08-20,2022,8,33,Clinico,CLINICA GERAL,8,8,1.0,220010,5123,Brasil,PI,Agricolândia,Centro-Norte Piauiense,Entre Rios
159,2022-08-20,2022,8,45,Pediatrico,PEDIATRIA CLINICA,7,7,1.0,220010,5123,Brasil,PI,Agricolândia,Centro-Norte Piauiense,Entre Rios
160,2022-09-20,2022,9,33,Clinico,CLINICA GERAL,8,8,1.0,220010,5123,Brasil,PI,Agricolândia,Centro-Norte Piauiense,Entre Rios
161,2022-09-20,2022,9,45,Pediatrico,PEDIATRIA CLINICA,7,7,1.0,220010,5123,Brasil,PI,Agricolândia,Centro-Norte Piauiense,Entre Rios
162,2022-10-20,2022,10,33,Clinico,CLINICA GERAL,8,8,1.0,220010,5123,Brasil,PI,Agricolândia,Centro-Norte Piauiense,Entre Rios
163,2022-10-20,2022,10,45,Pediatrico,PEDIATRIA CLINICA,7,7,1.0,220010,5123,Brasil,PI,Agricolândia,Centro-Norte Piauiense,Entre Rios
164,2022-11-20,2022,11,33,Clinico,CLINICA GERAL,8,8,1.0,220010,5123,Brasil,PI,Agricolândia,Centro-Norte Piauiense,Entre Rios
165,2022-11-20,2022,11,45,Pediatrico,PEDIATRIA CLINICA,7,7,1.0,220010,5123,Brasil,PI,Agricolândia,Centro-Norte Piauiense,Entre Rios
166,2022-12-20,2022,12,33,Clinico,CLINICA GERAL,8,8,1.0,220010,5123,Brasil,PI,Agricolândia,Centro-Norte Piauiense,Entre Rios
167,2022-12-20,2022,12,45,Pediatrico,PEDIATRIA CLINICA,7,7,1.0,220010,5123,Brasil,PI,Agricolândia,Centro-Norte Piauiense,Entre Rios
